class,feature1,feature2,label
0,2.023745000000000,1.952062000000001,!NULL
1,6.073171000000002,6.010310999999997,!NULL
2,1.928482000000000,5.999367000000001,!NULL
